{
  "dataset_info": {
    "xes_path": "../Datasets/Refit/refit_building02.xes",
    "num_events": 5170,
    "num_traces": 20,
    "num_sequences": 5070,
    "num_activities": 5,
    "sequence_length": 5
  },
  "models": {
    "Temporal GNN": {
      "accuracy": {
        "mean": 0.8706114398422091,
        "std": 0.013220140890286164,
        "sem": 0.00591222674056089,
        "ci_95_lower": 0.8541964668475593,
        "ci_95_upper": 0.8870264128368589,
        "min": 0.854043392504931,
        "max": 0.888560157790927,
        "values": [
          0.8747534516765286,
          0.854043392504931,
          0.888560157790927,
          0.873767258382643,
          0.8619329388560157
        ]
      },
      "top_3_accuracy": {
        "mean": 0.9970414201183431,
        "std": 0.0012078351788871748,
        "sem": 0.0005401603131214683,
        "ci_95_lower": 0.9955416946609549,
        "ci_95_upper": 0.9985411455757313,
        "min": 0.9960552268244576,
        "max": 0.9990138067061144,
        "values": [
          0.9960552268244576,
          0.9990138067061144,
          0.9970414201183432,
          0.9970414201183432,
          0.9960552268244576
        ]
      },
      "top_5_accuracy": {
        "mean": 1.0,
        "std": 0.0,
        "sem": 0.0,
        "ci_95_lower": null,
        "ci_95_upper": null,
        "min": 1.0,
        "max": 1.0,
        "values": [
          1.0,
          1.0,
          1.0,
          1.0,
          1.0
        ]
      },
      "mean_confidence": {
        "mean": 0.8687052965164185,
        "std": 0.009421170089275323,
        "sem": 0.0042132753494414765,
        "ci_95_lower": 0.8570073687956111,
        "ci_95_upper": 0.8804032242372258,
        "min": 0.8577951788902283,
        "max": 0.8788231015205383,
        "values": [
          0.8769473433494568,
          0.8606242537498474,
          0.8577951788902283,
          0.8693366050720215,
          0.8788231015205383
        ]
      },
      "fold_details": [
        {
          "fold": 1,
          "test_accuracy": 0.8747534516765286,
          "test_top3": 0.9960552268244576,
          "test_top5": 1.0,
          "mean_confidence": 0.8769473433494568,
          "final_train_loss": 0.3240813672190576
        },
        {
          "fold": 2,
          "test_accuracy": 0.854043392504931,
          "test_top3": 0.9990138067061144,
          "test_top5": 1.0,
          "mean_confidence": 0.8606242537498474,
          "final_train_loss": 0.3245151677704233
        },
        {
          "fold": 3,
          "test_accuracy": 0.888560157790927,
          "test_top3": 0.9970414201183432,
          "test_top5": 1.0,
          "mean_confidence": 0.8577951788902283,
          "final_train_loss": 0.3344818912153169
        },
        {
          "fold": 4,
          "test_accuracy": 0.873767258382643,
          "test_top3": 0.9970414201183432,
          "test_top5": 1.0,
          "mean_confidence": 0.8693366050720215,
          "final_train_loss": 0.31291233754064157
        },
        {
          "fold": 5,
          "test_accuracy": 0.8619329388560157,
          "test_top3": 0.9960552268244576,
          "test_top5": 1.0,
          "mean_confidence": 0.8788231015205383,
          "final_train_loss": 0.32307556779013846
        }
      ]
    },
    "LSTM-only": {
      "accuracy": {
        "mean": 0.8715976331360947,
        "std": 0.015426912976932137,
        "sem": 0.00689912521987878,
        "ci_95_lower": 0.8524425906892156,
        "ci_95_upper": 0.8907526755829739,
        "min": 0.8550295857988166,
        "max": 0.8954635108481263,
        "values": [
          0.8767258382642998,
          0.8550295857988166,
          0.8954635108481263,
          0.8668639053254438,
          0.863905325443787
        ]
      },
      "top_3_accuracy": {
        "mean": 0.9970414201183431,
        "std": 0.0012078351788871748,
        "sem": 0.0005401603131214683,
        "ci_95_lower": 0.9955416946609549,
        "ci_95_upper": 0.9985411455757313,
        "min": 0.9960552268244576,
        "max": 0.9990138067061144,
        "values": [
          0.9960552268244576,
          0.9990138067061144,
          0.9970414201183432,
          0.9970414201183432,
          0.9960552268244576
        ]
      },
      "top_5_accuracy": {
        "mean": 1.0,
        "std": 0.0,
        "sem": 0.0,
        "ci_95_lower": null,
        "ci_95_upper": null,
        "min": 1.0,
        "max": 1.0,
        "values": [
          1.0,
          1.0,
          1.0,
          1.0,
          1.0
        ]
      },
      "mean_confidence": {
        "mean": 0.8756327152252197,
        "std": 0.009006849836699232,
        "sem": 0.0040279856995984725,
        "ci_95_lower": 0.8644492340457628,
        "ci_95_upper": 0.8868161964046766,
        "min": 0.8634336590766907,
        "max": 0.8857049942016602,
        "values": [
          0.8634336590766907,
          0.8693792223930359,
          0.8797730207443237,
          0.8857049942016602,
          0.8798726797103882
        ]
      },
      "fold_details": [
        {
          "fold": 1.0,
          "test_accuracy": 0.8767258382642998,
          "test_top3": 0.9960552268244576,
          "test_top5": 1.0,
          "mean_confidence": 0.8634336590766907
        },
        {
          "fold": 2.0,
          "test_accuracy": 0.8550295857988166,
          "test_top3": 0.9990138067061144,
          "test_top5": 1.0,
          "mean_confidence": 0.8693792223930359
        },
        {
          "fold": 3.0,
          "test_accuracy": 0.8954635108481263,
          "test_top3": 0.9970414201183432,
          "test_top5": 1.0,
          "mean_confidence": 0.8797730207443237
        },
        {
          "fold": 4.0,
          "test_accuracy": 0.8668639053254438,
          "test_top3": 0.9970414201183432,
          "test_top5": 1.0,
          "mean_confidence": 0.8857049942016602
        },
        {
          "fold": 5.0,
          "test_accuracy": 0.863905325443787,
          "test_top3": 0.9960552268244576,
          "test_top5": 1.0,
          "mean_confidence": 0.8798726797103882
        }
      ]
    },
    "Random Forest": {
      "accuracy": {
        "mean": 0.8700197238658778,
        "std": 0.012521159959056304,
        "sem": 0.005599632965119675,
        "ci_95_lower": 0.854472650328967,
        "ci_95_upper": 0.8855667974027885,
        "min": 0.8550295857988166,
        "max": 0.888560157790927,
        "values": [
          0.8747534516765286,
          0.8550295857988166,
          0.888560157790927,
          0.8668639053254438,
          0.8648915187376726
        ]
      },
      "top_3_accuracy": {
        "mean": 0.9974358974358974,
        "std": 0.0011244333580859407,
        "sem": 0.0005028618849697052,
        "ci_95_lower": 0.9960397290167827,
        "ci_95_upper": 0.9988320658550122,
        "min": 0.9960552268244576,
        "max": 0.9990138067061144,
        "values": [
          0.9960552268244576,
          0.9990138067061144,
          0.9970414201183432,
          0.9970414201183432,
          0.9980276134122288
        ]
      },
      "top_5_accuracy": {
        "mean": 1.0,
        "std": 0.0,
        "sem": 0.0,
        "ci_95_lower": null,
        "ci_95_upper": null,
        "min": 1.0,
        "max": 1.0,
        "values": [
          1.0,
          1.0,
          1.0,
          1.0,
          1.0
        ]
      },
      "mean_confidence": {
        "mean": 0.8736332609062345,
        "std": 0.0037055512179501073,
        "sem": 0.0016571728834887157,
        "ci_95_lower": 0.8690322113654058,
        "ci_95_upper": 0.8782343104470632,
        "min": 0.8680113251022387,
        "max": 0.8780912479603911,
        "values": [
          0.8726545519405547,
          0.8680113251022387,
          0.8780912479603911,
          0.8750138358421341,
          0.8743953436858537
        ]
      },
      "fold_details": [
        {
          "fold": 1.0,