{
  "dataset_info": {
    "xes_path": "C:\\Users\\toret\\OneDrive\\Desktop\\MSc_Supporting_documentation\\inputs\\refit\\refit_building02.xes",
    "num_events": 2745,
    "num_traces": 10,
    "num_sequences": 2695,
    "num_activities": 5,
    "sequence_length": 5
  },
  "models": {
    "Temporal GNN": {
      "accuracy": {
        "mean": 0.3539924967892162,
        "std": 0.013829377963502082,
        "sem": 0.00977884693758413,
        "ci_95_lower": 0.2297404655165573,
        "ci_95_upper": 0.47824452806187506,
        "min": 0.34421364985163205,
        "max": 0.3637713437268003,
        "values": [
          0.34421364985163205,
          0.3637713437268003
        ]
      },
      "top_3_accuracy": {
        "mean": 0.7235652807976403,
        "std": 0.01192429469594591,
        "sem": 0.008431749640370134,
        "ci_95_lower": 0.61642974358293,
        "ci_95_upper": 0.8307008180123505,
        "min": 0.7151335311572701,
        "max": 0.7319970304380103,
        "values": [
          0.7151335311572701,
          0.7319970304380103
        ]
      },
      "top_5_accuracy": {
        "mean": 1.0,
        "std": 0.0,
        "sem": 0.0,
        "ci_95_lower": null,
        "ci_95_upper": null,
        "min": 1.0,
        "max": 1.0,
        "values": [
          1.0,
          1.0
        ]
      },
      "mean_confidence": {
        "mean": 0.31117774546146393,
        "std": 0.017951838993911905,
        "sem": 0.012693867087364197,
        "ci_95_lower": 0.1498868713556249,
        "ci_95_upper": 0.47246861956730296,
        "min": 0.29848387837409973,
        "max": 0.3238716125488281,
        "values": [
          0.3238716125488281,
          0.29848387837409973
        ]
      },
      "fold_details": [
        {
          "fold": 1,
          "test_accuracy": 0.34421364985163205,
          "test_top3": 0.7151335311572701,
          "test_top5": 1.0,
          "mean_confidence": 0.3238716125488281,
          "final_train_loss": 1.5733781165854877
        },
        {
          "fold": 2,
          "test_accuracy": 0.3637713437268003,
          "test_top3": 0.7319970304380103,
          "test_top5": 1.0,
          "mean_confidence": 0.29848387837409973,
          "final_train_loss": 1.5715669781662698
        }
      ]
    },
    "LSTM-only": {
      "accuracy": {
        "mean": 0.700932559220512,
        "std": 0.018734227463679785,
        "sem": 0.01324709927985923,
        "ci_95_lower": 0.5326122036101884,
        "ci_95_upper": 0.8692529148308357,
        "min": 0.6876854599406528,
        "max": 0.7141796585003712,
        "values": [
          0.6876854599406528,
          0.7141796585003712
        ]
      },
      "top_3_accuracy": {
        "mean": 0.955095838868218,
        "std": 0.023637519250637746,
        "sem": 0.016714250152553508,
        "ci_95_lower": 0.742721154418234,
        "ci_95_upper": 1.167470523318202,
        "min": 0.9383815887156645,
        "max": 0.9718100890207715,
        "values": [
          0.9718100890207715,
          0.9383815887156645
        ]
      },
      "top_5_accuracy": {
        "mean": 1.0,
        "std": 0.0,
        "sem": 0.0,
        "ci_95_lower": null,
        "ci_95_upper": null,
        "min": 1.0,
        "max": 1.0,
        "values": [
          1.0,
          1.0
        ]
      },
      "mean_confidence": {
        "mean": 0.594801127910614,
        "std": 0.00012795783207907428,
        "sem": 9.047985076904297e-05,
        "ci_95_lower": 0.593651472402244,
        "ci_95_upper": 0.595950783418984,
        "min": 0.594710648059845,
        "max": 0.5948916077613831,
        "values": [
          0.594710648059845,
          0.5948916077613831
        ]
      },
      "fold_details": [
        {
          "fold": 1.0,
          "test_accuracy": 0.6876854599406528,
          "test_top3": 0.9718100890207715,
          "test_top5": 1.0,
          "mean_confidence": 0.594710648059845
        },
        {
          "fold": 2.0,
          "test_accuracy": 0.7141796585003712,
          "test_top3": 0.9383815887156645,
          "test_top5": 1.0,
          "mean_confidence": 0.5948916077613831
        }
      ]
    },
    "Random Forest": {
      "accuracy": {
        "mean": 0.855661498571394,
        "std": 0.01094410365252017,
        "sem": 0.007738649906705475,
        "ci_95_lower": 0.757332628475215,
        "ci_95_upper": 0.9539903686675729,
        "min": 0.8479228486646885,
        "max": 0.8634001484780994,
        "values": [
          0.8479228486646885,
          0.8634001484780994
        ]
      },
      "top_3_accuracy": {
        "mean": 0.9951758386038653,
        "std": 0.0015767952065278777,
        "sem": 0.001114962583078305,
        "ci_95_lower": 0.9810088957500981,
        "ci_95_upper": 1.0093427814576323,
        "min": 0.994060876020787,
        "max": 0.9962908011869436,
        "values": [
          0.9962908011869436,
          0.994060876020787
        ]
      },
      "top_5_accuracy": {
        "mean": 1.0,
        "std": 0.0,
        "sem": 0.0,
        "ci_95_lower": null,
        "ci_95_upper": null,
        "min": 1.0,
        "max": 1.0,
        "values": [
          1.0,
          1.0
        ]
      },
      "mean_confidence": {
        "mean": 0.8541747701356505,
        "std": 0.015618127361743976,
        "sem": 0.011043683766924328,
        "ci_95_lower": 0.7138514631515409,
        "ci_95_upper": 0.99449807711976,
        "min": 0.8431310863687261,
        "max": 0.8652184539025748,
        "values": [
          0.8431310863687261,
          0.8652184539025748
        ]
      },
      "fold_details": [
        {
          "fold": 1.0,
          "test_accuracy": 0.8479228486646885,
          "test_top3": 0.9962908011869436,
          "test_top5": 1.0,
          "mean_confidence": 0.8431310863687261
        },
        {
          "fold": 2.0,
          "test_accuracy": 0.8634001484780994,
          "test_top3": 0.994060876020787,
          "test_top5": 1.0,
          "mean_confidence": 0.8652184539025748
        }
      ]
    },
    "Gradient Boosting": {
      "accuracy": {
        "mean": 0.8541767175765906,
        "std": 0.008844306232515585,
        "sem": 0.006253868911902215,
        "ci_95_lower": 0.774713778788763,
        "ci_95_upper": 0.9336396563644183,
        "min": 0.8479228486646885,
        "max": 0.8604305864884929,
        "values": [
          0.8479228486646885,
          0.8604305864884929
        ]
      },
      "top_3_accuracy": {
        "mean": 0.9962894243499677,
        "std": 1.9471415244590036e-06,
        "sem": 1.376836975874873e-06,
        "ci_95_lower": 0.9962719299774639,
        "ci_95_upper": 0.9963069187224715,
        "min": 0.9962880475129918,
        "max": 0.9962908011869436,
        "values": [
          0.9962908011869436,
          0.9962880475129918
        ]
      },
      "top_5_accuracy": {
        "mean": 1.0,
        "std": 0.0,
        "sem": 0.0,
        "ci_95_lower": null,
        "ci_95_upper": null,
        "min": 1.0,
        "max": 1.0,
        "values": [
          1.0,
          1.0
        ]
      },
      "mean_confidence": {
        "mean": 0.8463151490143637,
        "std": 0.014277794065882659,
        "sem": 0.010095925004370674,
        "ci_95_lower": 0.7180342589077645,
        "ci_95_upper": 0.9745960391209628,
        "min": 0.836219224009993,
        "max": 0.8564110740187344,
        "values": [
          0.836219224009993,
          0.8564110740187344
        ]
      },
      "fold_details": [
        {
          "fold": 1.0,
          "test_accuracy": 0.8479228486646885,
          "test_top3": 0.9962908011869436,
          "test_top5": 1.0,
          "mean_confidence": 0.836219224009993
        },
        {
          "fold": 2.0,
          "test_accuracy": 0.8604305864884929,
          "test_top3": 0.9962880475129918,
          "test_top5": 1.0,
          "mean_confidence": 0.8564110740187344
        }
      ]
    }
  },